<?xml version="1.0" encoding="UTF-8"?>
<GenRun Id="synth_1" LaunchPart="xc7k70tfbv676-1" LaunchTime="1711343511">
  <File Type="PA-TCL" Name="logic_gates.tcl"/>
  <File Type="RDS-PROPCONSTRS" Name="logic_gates_drc_synth.rpt"/>
  <File Type="REPORTS-TCL" Name="logic_gates_reports.tcl"/>
  <File Type="RDS-RDS" Name="logic_gates.vds"/>
  <File Type="RDS-UTIL" Name="logic_gates_utilization_synth.rpt"/>
  <File Type="RDS-UTIL-PB" Name="logic_gates_utilization_synth.pb"/>
  <File Type="RDS-DCP" Name="logic_gates.dcp"/>
  <File Type="VDS-TIMINGSUMMARY" Name="logic_gates_timing_summary_synth.rpt"/>
  <File Type="VDS-TIMING-PB" Name="logic_gates_timing_summary_synth.pb"/>
  <FileSet Name="sources" Type="DesignSrcs" RelSrcDir="$PSRCDIR/sources_1">
    <Filter Type="Srcs"/>
    <File Path="$PSRCDIR/sources_1/new/logic_gates.vhd">
      <FileInfo>
        <Attr Name="UsedIn" Val="synthesis"/>
        <Attr Name="UsedIn" Val="simulation"/>
      </FileInfo>
    </File>
    <Config>
      <Option Name="DesignMode" Val="RTL"/>
      <Option Name="TopModule" Val="logic_gates"/>
      <Option Name="TopAutoSet" Val="TRUE"/>
    </Config>
  </FileSet>
  <FileSet Name="constrs_in" Type="Constrs" RelSrcDir="$PSRCDIR/constrs_1">
    <Filter Type="Constrs"/>
    <Config>
      <Option Name="ConstrsType" Val="XDC"/>
    </Config>
  </FileSet>
  <FileSet Name="utils" Type="Utils" RelSrcDir="$PSRCDIR/utils_1">
    <Filter Type="Utils"/>
    <Config>
      <Option Name="TopAutoSet" Val="TRUE"/>
    </Config>
  </FileSet>
  <Strategy Version="1" Minor="2">
    <StratHandle Name="Vivado Synthesis Defaults" Flow="Vivado Synthesis 2019"/>
    <Step Id="synth_design"/>
  </Strategy>
</GenRun>
