<?xml version="1.0" encoding="UTF-8"?>
<GenRun Id="impl_1" LaunchPart="xc7k70tfbv676-1" LaunchTime="1711343536">
  <File Type="BITSTR-BMM" Name="logic_gates_bd.bmm"/>
  <File Type="OPT-METHODOLOGY-DRC" Name="logic_gates_methodology_drc_opted.rpt"/>
  <File Type="INIT-TIMING" Name="logic_gates_timing_summary_init.rpt"/>
  <File Type="ROUTE-PWR" Name="logic_gates_power_routed.rpt"/>
  <File Type="PA-TCL" Name="logic_gates.tcl"/>
  <File Type="OPT-TIMING" Name="logic_gates_timing_summary_opted.rpt"/>
  <File Type="OPT-DCP" Name="logic_gates_opt.dcp"/>
  <File Type="ROUTE-PWR-SUM" Name="logic_gates_power_summary_routed.pb"/>
  <File Type="REPORTS-TCL" Name="logic_gates_reports.tcl"/>
  <File Type="OPT-DRC" Name="logic_gates_drc_opted.rpt"/>
  <File Type="OPT-HWDEF" Name="logic_gates.hwdef"/>
  <File Type="PWROPT-DCP" Name="logic_gates_pwropt.dcp"/>
  <File Type="PWROPT-DRC" Name="logic_gates_drc_pwropted.rpt"/>
  <File Type="PWROPT-TIMING" Name="logic_gates_timing_summary_pwropted.rpt"/>
  <File Type="PLACE-DCP" Name="logic_gates_placed.dcp"/>
  <File Type="PLACE-IO" Name="logic_gates_io_placed.rpt"/>
  <File Type="PLACE-CLK" Name="logic_gates_clock_utilization_placed.rpt"/>
  <File Type="PLACE-UTIL" Name="logic_gates_utilization_placed.rpt"/>
  <File Type="PLACE-UTIL-PB" Name="logic_gates_utilization_placed.pb"/>
  <File Type="PLACE-CTRL" Name="logic_gates_control_sets_placed.rpt"/>
  <File Type="PLACE-SIMILARITY" Name="logic_gates_incremental_reuse_placed.rpt"/>
  <File Type="PLACE-PRE-SIMILARITY" Name="logic_gates_incremental_reuse_pre_placed.rpt"/>
  <File Type="PLACE-TIMING" Name="logic_gates_timing_summary_placed.rpt"/>
  <File Type="POSTPLACE-PWROPT-DCP" Name="logic_gates_postplace_pwropt.dcp"/>
  <File Type="BG-BIN" Name="logic_gates.bin"/>
  <File Type="POSTPLACE-PWROPT-TIMING" Name="logic_gates_timing_summary_postplace_pwropted.rpt"/>
  <File Type="PHYSOPT-DCP" Name="logic_gates_physopt.dcp"/>
  <File Type="PHYSOPT-DRC" Name="logic_gates_drc_physopted.rpt"/>
  <File Type="BITSTR-MSK" Name="logic_gates.msk"/>
  <File Type="PHYSOPT-TIMING" Name="logic_gates_timing_summary_physopted.rpt"/>
  <File Type="ROUTE-ERROR-DCP" Name="logic_gates_routed_error.dcp"/>
  <File Type="ROUTE-DCP" Name="logic_gates_routed.dcp"/>
  <File Type="ROUTE-BLACKBOX-DCP" Name="logic_gates_routed_bb.dcp"/>
  <File Type="ROUTE-DRC" Name="logic_gates_drc_routed.rpt"/>
  <File Type="ROUTE-DRC-PB" Name="logic_gates_drc_routed.pb"/>
  <File Type="ROUTE-DRC-RPX" Name="logic_gates_drc_routed.rpx"/>
  <File Type="BITSTR-MMI" Name="logic_gates.mmi"/>
  <File Type="ROUTE-METHODOLOGY-DRC" Name="logic_gates_methodology_drc_routed.rpt"/>
  <File Type="ROUTE-METHODOLOGY-DRC-RPX" Name="logic_gates_methodology_drc_routed.rpx"/>
  <File Type="ROUTE-METHODOLOGY-DRC-PB" Name="logic_gates_methodology_drc_routed.pb"/>
  <File Type="ROUTE-PWR-RPX" Name="logic_gates_power_routed.rpx"/>
  <File Type="ROUTE-STATUS" Name="logic_gates_route_status.rpt"/>
  <File Type="ROUTE-STATUS-PB" Name="logic_gates_route_status.pb"/>
  <File Type="ROUTE-TIMINGSUMMARY" Name="logic_gates_timing_summary_routed.rpt"/>
  <File Type="ROUTE-TIMING-PB" Name="logic_gates_timing_summary_routed.pb"/>
  <File Type="ROUTE-TIMING-RPX" Name="logic_gates_timing_summary_routed.rpx"/>
  <File Type="ROUTE-SIMILARITY" Name="logic_gates_incremental_reuse_routed.rpt"/>
  <File Type="ROUTE-CLK" Name="logic_gates_clock_utilization_routed.rpt"/>
  <File Type="ROUTE-BUS-SKEW" Name="logic_gates_bus_skew_routed.rpt"/>
  <File Type="ROUTE-BUS-SKEW-PB" Name="logic_gates_bus_skew_routed.pb"/>
  <File Type="ROUTE-BUS-SKEW-RPX" Name="logic_gates_bus_skew_routed.rpx"/>
  <File Type="POSTROUTE-PHYSOPT-DCP" Name="logic_gates_postroute_physopt.dcp"/>
  <File Type="POSTROUTE-PHYSOPT-BLACKBOX-DCP" Name="logic_gates_postroute_physopt_bb.dcp"/>
  <File Type="POSTROUTE-PHYSOPT-TIMING" Name="logic_gates_timing_summary_postroute_physopted.rpt"/>
  <File Type="POSTROUTE-PHYSOPT-TIMING-PB" Name="logic_gates_timing_summary_postroute_physopted.pb"/>
  <File Type="POSTROUTE-PHYSOPT-TIMING-RPX" Name="logic_gates_timing_summary_postroute_physopted.rpx"/>
  <File Type="POSTROUTE-PHYSOPT-BUS-SKEW" Name="logic_gates_bus_skew_postroute_physopted.rpt"/>
  <File Type="POSTROUTE-PHYSOPT-BUS-SKEW-PB" Name="logic_gates_bus_skew_postroute_physopted.pb"/>
  <File Type="BG-BIT" Name="logic_gates.bit"/>
  <File Type="POSTROUTE-PHYSOPT-BUS-SKEW-RPX" Name="logic_gates_bus_skew_postroute_physopted.rpx"/>
  <File Type="BITSTR-RBT" Name="logic_gates.rbt"/>
  <File Type="BITSTR-NKY" Name="logic_gates.nky"/>
  <File Type="PDI-FILE" Name="logic_gates.pdi"/>
  <File Type="RCFI_FILE" Name="logic_gates.rcfi"/>
  <File Type="CFI_FILE" Name="logic_gates.cfi"/>
  <File Type="RNPI_FILE" Name="logic_gates.rnpi"/>
  <File Type="NPI_FILE" Name="logic_gates.npi"/>
  <File Type="RBD_FILE" Name="logic_gates.rbd"/>
  <File Type="BITSTR-LTX" Name="debug_nets.ltx"/>
  <File Type="BITSTR-LTX" Name="logic_gates.ltx"/>
  <File Type="BITSTR-SYSDEF" Name="logic_gates.sysdef"/>
  <File Type="BG-BGN" Name="logic_gates.bgn"/>
  <File Type="BG-DRC" Name="logic_gates.drc"/>
  <File Type="RDI-RDI" Name="logic_gates.vdi"/>
  <File Type="WBT-USG" Name="usage_statistics_webtalk.html"/>
  <FileSet Name="sources" Type="DesignSrcs" RelSrcDir="$PSRCDIR/sources_1">
    <Filter Type="Srcs"/>
    <File Path="$PSRCDIR/sources_1/new/logic_gates.vhd">
      <FileInfo>
        <Attr Name="UsedIn" Val="synthesis"/>
        <Attr Name="UsedIn" Val="simulation"/>
      </FileInfo>
    </File>
    <Config>
      <Option Name="DesignMode" Val="RTL"/>
      <Option Name="TopModule" Val="logic_gates"/>
      <Option Name="TopAutoSet" Val="TRUE"/>
    </Config>
  </FileSet>
  <FileSet Name="constrs_in" Type="Constrs" RelSrcDir="$PSRCDIR/constrs_1">
    <Filter Type="Constrs"/>
    <Config>
      <Option Name="ConstrsType" Val="XDC"/>
    </Config>
  </FileSet>
  <FileSet Name="utils" Type="Utils" RelSrcDir="$PSRCDIR/utils_1">
    <Filter Type="Utils"/>
    <Config>
      <Option Name="TopAutoSet" Val="TRUE"/>
    </Config>
  </FileSet>
  <Strategy Version="1" Minor="2">
    <StratHandle Name="Vivado Implementation Defaults" Flow="Vivado Implementation 2019"/>
    <Step Id="init_design"/>
    <Step Id="opt_design"/>
    <Step Id="power_opt_design"/>
    <Step Id="place_design"/>
    <Step Id="post_place_power_opt_design"/>
    <Step Id="phys_opt_design" EnableStepBool="1"/>
    <Step Id="route_design"/>
    <Step Id="post_route_phys_opt_design"/>
    <Step Id="write_bitstream"/>
  </Strategy>
</GenRun>
